model,question,answer,duration_s,error
llama3:8b,Quelle est la meilleure base analysee et pourquoi ?,"Introduction :

La question se pose quant à la meilleure base analysee parmi celles fournies. Pour répondre à cette interrogation, nous allons nous appuyer sur les métriques fournies pour chaque base.

Points clés :

• La base ""pfe_db"" (serveur_id 7 et 8) présente un score global élevé (96,0), ce qui indique une bonne qualité des données. Le nombre de tables est raisonnable (15), et le nombre de procédures et de vues est nul, ce qui signifie que la base ne contient pas d'éléments inutiles.

• La base ""Test1"" (serveur_id 7) présente un score global plus faible (74,0). Le nombre de tables est relativement élevé (7), mais le nombre de procédures et de vues est raisonnable (3).

• La base ""Test4"" (serveur_id 8) présente un score global modéré (79,0). Le nombre de tables est faible (3), ce qui peut indiquer une certaine spécialisation.

Conclusion :

En résumé, la meilleure base analysee est la base ""pfe_db"" (serveur_id 7 et 8) en raison de son score global élevé et du nombre raisonnables de tables. Il est recommandé de poursuivre l'analyse de cette base pour identifier les éléments à améliorer et optimiser sa performance.

Recommandation :

Il est fort recommandé de poursuivre l'analyse de la base ""pfe_db"" pour identifier les éléments à améliorer et optimiser sa performance.",51.34846209990792,
qwen2.5:7b,Quelle est la meilleure base analysee et pourquoi ?,"Introduction : Les métriques fournies permettent d'évaluer la qualité des bases de données en termes de performance, fiabilité et gouvernance.

Points clés :
- **Score global élevé** : La base ""pfe_db"" sur le serveur test 1 obtient un score de 96.0, ce qui est excellent.
- **Nombre de tables faible** : Avec seulement 15 tables, la structure est simple et facile à gérer.
- **Tables sans clé primaire ou index limitées** : Seulement 4 tables sans PK ou index sur 30 (2), indiquant une bonne gestion des contraintes.
- **Tables jamais utilisées minimales** : Aucune table non utilisée dans ""pfe_db"", ce qui augmente la fiabilité.

Conclusion : La base ""pfe_db"" est la meilleure analysée. Son score élevé, sa structure simple et l'absence de tables inutilisées font d'elle une base de données bien gérée et performante.",38.14031889999751,
deepseek-r1:7b,Quelle est la meilleure base analysee et pourquoi ?,"**Réponse :**

La meilleure base à analyser est **Test4**, car elle possède un score de 79.0, le plus élevé parmi les bases étudiées. Son nombre de tables (3) et son faible nombre de tables sans clé primaire (0) et sans index (0) montrent une meilleure qualité modulaire. De plus, ses FK sont tous présents, ce qui évite les risques de dépendance. Cependant, Test1, avec un score de 74.0 et des tables sans PK/index, pourrait être utile pour des usages spécifiques nécessitant cette structure.  

**Conclusion :**  
La base Test4 est la plus fiable en termes de qualité et de performance, bien que Test1 soit intéressante pour certains scénarios.  

**Recommandation :**  
Choisir Test4 pour sa qualité générale et Test1 si des besoins spécifiques en clés primaires sont nécessaires.",86.25027590000536,
llama3:8b,Quelles sont les principales faiblesses de la base la moins bien notee ?,"Introduction :

La base la moins bien notée est ""Test3"" avec un score global de 34,0. Voici les principales faiblesses identifiées à partir des métriques fournies.

Points clés :

• Faible score global (34,0) : cela suggère que la base présente des problèmes de qualité des données ou de performance.
• Nombre élevé de tables sans index (16) : cela peut entraîner des performances lentes et des difficultés pour les requêtes complexes.
• Nombre élevé de tables jamais utilisées (16) : cela peut indiquer que la base contient des données inutiles, ce qui peut nuire à la qualité des données et à la performance.
• Faible nombre de clés primaires (0) : cela peut rendre les requêtes plus complexes et lentes.

Conclusion :

En résumé, la base ""Test3"" présente des faiblesses importantes liées à la qualité des données et à la performance. Il est recommandé d'ajouter des indices sur les tables pour améliorer les performances, de supprimer les tables jamais utilisées pour éliminer les données inutiles et d'ajouter des clés primaires pour faciliter les requêtes.

Certitude : forte",47.85766449989751,
qwen2.5:7b,Quelles sont les principales faiblesses de la base la moins bien notee ?,"Introduction : La base ""Test3"" sur le serveur test 1 est la moins bien notée avec un score de 34%.

Points clés :
- **Tables sans index** (16) : Forte - Cette faiblesse peut严重影响性能和数据可靠性。
- **Tables jamais utilisées** (16) : Forte - Indique une gestion inefficace des ressources.
- **Nombre élevé de tables** (17) : Moyenne - Un nombre important de tables peut compliquer la maintenance.

Conclusion et recommandation : La base ""Test3"" souffre principalement d'un manque d'index sur les tables, ce qui impacte fortement la performance. De plus, l'absence d'utilisation de certaines tables est inquiétante. Une optimisation des index et une révision des tables non utilisées sont recommandées pour améliorer la qualité et la performance du système.",34.53573610004969,
deepseek-r1:7b,Quelles sont les principales faiblesses de la base la moins bien notee ?,"**Analyse des faiblesses de la base Test1 :**

- ** Faiblènes :**
  - **70 % de tables sans utilisation :** Les 7 tables de Test1 sont toutes utilisées, mais 7 d'entre elles n'ont jamais été utilisées. Cela induit une fragmentation des données et des performances inférieures.
  - ** Faible efficacité des procédures et vues :** Seulement 3 procedures et 3 vues sont utilisées, limitant l'expressivité et la performance des requêtes.
  - ** FK incomplètes :** Seulement 5 FK sont utilisés parmi 7 tables, ce qui peut nuire à la normalisation et à la performance des requêtes.

- **Conclusion :**
  La base Test1 souffre de faiblesses liées à l'utilisation incomplète de ses tables, procedures et vues, ainsi que à son manque de FK optimisés. Une consolidation des tables sans utilisation et une review des procédures et vues sont essentielles pour améliorer la performance et la fiabilité.

**Recommandation :** Supprimer les 7 tables sans utilisation, optimiser les procedures et vues, et renforcer l'utilisation des FK.",92.8789924000157,
llama3:8b,Donne trois recommandations prioritaires pour ameliorer la qualite globale des donnees.,"Introduction :

La qualité des données est un aspect crucial dans le domaine de la gouvernance des bases de données. Pour améliorer cette qualité, il est essentiel d'identifier les points faibles et de proposer des recommandations pour les corriger. Voici trois recommandations prioritaires pour améliorer la qualité globale des données.

Points clés :

• **Amélioration du score global** : Les scores globaux sont élevés pour certaines bases (96,0%), ce qui indique une bonne qualité des données. Cependant, il est important de vérifier les causes de ces scores élevés et d'identifier les tables ou les colonnes qui nécessitent une attention particulière.

Certitude : Forte

• **Mise en place de clés primaires (PK) et d'index** : Les métriques montrent que certaines bases ont des tables sans PK (1, 2) ou des tables sans index (3, 16). Il est essentiel de mettre en place ces éléments pour améliorer la qualité des données et accélérer les requêtes.

Certitude : Moyenne

• **Suppression des tables jamais utilisées** : Les métriques montrent que certaines bases ont des tables jamais utilisées (7, 9, 16). Il est recommandé de supprimer ces tables pour éviter la perte d'espace et améliorer la sécurité.

Certitude : Forte

Conclusion :

En résumé, les trois recommandations prioritaires pour améliorer la qualité globale des données sont :

1. Vérifier les causes des scores élevés et identifier les tables ou colonnes qui nécessitent une attention particulière.
2. Mise en place de clés primaires (PK) et d'index pour améliorer la qualité des données et accélérer les requêtes.
3. Suppression des tables jamais utilisées pour éviter la perte d'espace et améliorer la sécurité.

Il est important de prendre en compte ces recommandations pour améliorer la qualité globale des données et garantir une bonne gouvernance des bases de données.",73.48773930000607,
qwen2.5:7b,Donne trois recommandations prioritaires pour ameliorer la qualite globale des donnees.,"1) **Tables sans clé primaire ou index** : Sur plusieurs bases, notamment ""Test2"" et ""Test3"", des tables manquent de clés primaires et d'index (respectivement 2/9 et 0/17). Ces éléments essentiels pour la gestion efficace des données sont absents. **(Forte)**

2) **Tables jamais utilisées** : Plusieurs bases comptent un grand nombre de tables inutilisées, comme ""Test3"" avec 16 tables non utilisées. Cela suggère une mauvaise gestion des ressources et risque d'augmenter la complexité et le coût opérationnel. **(Forte)**

3) **Nombre élevé d'index manquants** : Des bases comme ""Test2"" ont 8 tables sans index, ce qui peut affecter les performances de la base de données. **(Moyenne à forte)**

**Conclusion :** Priorisez l'ajout de clés primaires et d'indices sur les tables manquant ces éléments pour améliorer la gestion des données et les performances. Éliminez également les tables inutilisées pour optimiser le système.",42.238765500020236,
deepseek-r1:7b,Donne trois recommandations prioritaires pour ameliorer la qualite globale des donnees.,"### Réponse :

1. **Optimiser les tables sans clé primaire ou sans index** :  
   Les données dans les bases (pfe_db et Test2) contiennent plusieurs tables sans clé primaire ou sans index (tables_sans_pk et tables_sans_index). Ajouter des clés primaires ou des indexes est essentiel pour améliorer la performance et la cohérence des données. Par exemple, dans pfe_db, 1 table ne possède aucun index, ce qui peut freiner les requêtes de recherche.

2. **Traiter les tables jamais utilisées** :  
   Les bases Test2 et Test3 contiennent plusieurs tables_jamais_utilisees (Test2 : 3, Test3 : 16). Supprimer ces tables redondantes ou les mises à jour journalières permettra de limiter l'fragmentation des données et améliorer la performance globale.

3. **Gérer correctement les forêts de relations (FK)** :  
   Les bases Test2 et pfe_db contiennent des FKs, mais certains ne sont pas utilisés (Test1 : nb_fk_total = 5, Test2 : nb_fk_total = 7). Évaluer la fréquence d'utilisation des FKs et supprimer ceux qui ne sont pas utilisés pour éviter l'ajout inutile de relations et réduire les coûts de maintenance.

### Conclusion :
Améliorer la qualité des données et la performance des bases SQL Server nécessite une attention particulière aux tables sans clé primaire ou index, aux tables NEVER USED et aux FKs. En optimisant ces éléments, on peut améliorer la gouvernance des données, la vitesse des requêtes et la fiabilité du système. Une recommandation claire est donc de :  
- Ajouter des clés primaires ou indexes à toutes les tables,  
- Supprimer les tables NEVER USED redondantes,  
- Éliminer les FKs inutiles.",113.4649462000234,
